<?xml version="1.0" encoding="UTF-8" standalone="yes"?>
<Content>
    <Views>
        <ViewDef id="7c11bff5-581d-47d6-a857-042731f0a6a8">
            <Title>Cisco UCS FI Fiber Channel Details</Title>
            <Description>Cisco UCS FI Fiber Channel Details</Description>
            <SubjectType adapterKind="CiscoUcsAdapter" resourceKind="bm_ucs_fiber_channel_port" type="descendant"/>
            <SubjectType adapterKind="CiscoUcsAdapter" resourceKind="bm_ucs_fiber_channel_port" type="self"/>
            <Usage>dashboard</Usage>
            <Usage>report</Usage>
            <Usage>details</Usage>
            <Usage>content</Usage>
            <Controls>
                <Control id="time-interval-selector_id_380" type="time-interval-selector" visible="false">
                    <Property name="advancedTimeMode" value="false"/>
                    <Property name="unit" value="DAYS"/>
                    <Property name="count" value="7"/>
                </Control>
                <Control id="attributes-selector_id_381" type="attributes-selector" visible="false">
                    <Property name="attributeInfos">
                        <List>
                            <Item>
<Value>
    <Property name="objectType" value="RESOURCE"/>
    <Property name="attributeKey" value="general|maxSpeed"/>
    <Property name="preferredUnitId" value="auto"/>
    <Property name="isStringAttribute" value="false"/>
    <Property name="adapterKind" value="CiscoUcsAdapter"/>
    <Property name="resourceKind" value="bm_ucs_fiber_channel_port"/>
    <Property name="rollUpCount" value="0"/>
    <Property name="transformations">
        <List>
            <Item value="CURRENT"/>
        </List>
    </Property>
    <Property name="isProperty" value="true"/>
    <Property name="displayName" value="Max Speed"/>
    <Property name="addTimestampAsColumn" value="false"/>
    <Property name="isShowRelativeTimestamp" value="false"/>
</Value>
                            </Item>
                            <Item>
<Value>
    <Property name="objectType" value="RESOURCE"/>
    <Property name="attributeKey" value="received_traffic|bitsRx"/>
    <Property name="preferredUnitId" value="auto"/>
    <Property name="isStringAttribute" value="false"/>
    <Property name="adapterKind" value="CiscoUcsAdapter"/>
    <Property name="resourceKind" value="bm_ucs_fiber_channel_port"/>
    <Property name="rollUpType" value="NONE"/>
    <Property name="rollUpCount" value="0"/>
    <Property name="transformations">
        <List>
            <Item value="CURRENT"/>
        </List>
    </Property>
    <Property name="isProperty" value="false"/>
    <Property name="displayName" value="Received Traffic"/>
    <Property name="addTimestampAsColumn" value="false"/>
    <Property name="isShowRelativeTimestamp" value="false"/>
</Value>
                            </Item>
                            <Item>
<Value>
    <Property name="objectType" value="RESOURCE"/>
    <Property name="attributeKey" value="received_traffic|packetsRx"/>
    <Property name="preferredUnitId" value="packetsps"/>
    <Property name="isStringAttribute" value="false"/>
    <Property name="adapterKind" value="CiscoUcsAdapter"/>
    <Property name="resourceKind" value="bm_ucs_fiber_channel_port"/>
    <Property name="rollUpType" value="NONE"/>
    <Property name="rollUpCount" value="0"/>
    <Property name="transformations">
        <List>
            <Item value="CURRENT"/>
        </List>
    </Property>
    <Property name="isProperty" value="false"/>
    <Property name="displayName" value="Received Packets"/>
    <Property name="addTimestampAsColumn" value="false"/>
    <Property name="isShowRelativeTimestamp" value="false"/>
</Value>
                            </Item>
                            <Item>
<Value>
    <Property name="objectType" value="RESOURCE"/>
    <Property name="attributeKey" value="sent_traffic|bitsTx"/>
    <Property name="preferredUnitId" value="auto"/>
    <Property name="isStringAttribute" value="false"/>
    <Property name="adapterKind" value="CiscoUcsAdapter"/>
    <Property name="resourceKind" value="bm_ucs_fiber_channel_port"/>
    <Property name="rollUpType" value="NONE"/>
    <Property name="rollUpCount" value="0"/>
    <Property name="transformations">
        <List>
            <Item value="CURRENT"/>
        </List>
    </Property>
    <Property name="isProperty" value="false"/>
    <Property name="displayName" value="Sent Traffic"/>
    <Property name="addTimestampAsColumn" value="false"/>
    <Property name="isShowRelativeTimestamp" value="false"/>
</Value>
                            </Item>
                            <Item>
<Value>
    <Property name="objectType" value="RESOURCE"/>
    <Property name="attributeKey" value="sent_traffic|packetsTx"/>
    <Property name="preferredUnitId" value="packetsps"/>
    <Property name="isStringAttribute" value="false"/>
    <Property name="adapterKind" value="CiscoUcsAdapter"/>
    <Property name="resourceKind" value="bm_ucs_fiber_channel_port"/>
    <Property name="rollUpType" value="NONE"/>
    <Property name="rollUpCount" value="0"/>
    <Property name="transformations">
        <List>
            <Item value="CURRENT"/>
        </List>
    </Property>
    <Property name="isProperty" value="false"/>
    <Property name="displayName" value="Sent Packets"/>
    <Property name="addTimestampAsColumn" value="false"/>
    <Property name="isShowRelativeTimestamp" value="false"/>
</Value>
                            </Item>
                        </List>
                    </Property>
                </Control>
                <Control id="pagination-control_id_382" type="pagination-control" visible="true">
                    <Property name="start" value="0"/>
                    <Property name="size" value="100"/>
                </Control>
                <Control id="metadata_id_383" type="metadata" visible="false">
                    <Property name="maxPointsCount" value="5000"/>
                    <Property name="hideObjectNameColumn" value="false"/>
                    <Property name="listTopResultSize" value="-1"/>
                </Control>
            </Controls>
            <DataProviders>
                <DataProvider dataType="list-view" id="list-view_id_379"/>
            </DataProviders>
            <Presentation type="list"/>
        </ViewDef>
        <ViewDef id="a45aae30-d470-4e01-a467-7ac588f64b2e">
            <Title>Cisco UCS FI Ethernet Port Details</Title>
            <Description>Cisco UCS FI Ethernet Port Details</Description>
            <SubjectType adapterKind="CiscoUcsAdapter" resourceKind="bm_ucs_ethernet_port" type="descendant"/>
            <SubjectType adapterKind="CiscoUcsAdapter" resourceKind="bm_ucs_ethernet_port" type="self"/>
            <Usage>dashboard</Usage>
            <Usage>report</Usage>
            <Usage>details</Usage>
            <Usage>content</Usage>
            <Controls>
                <Control id="time-interval-selector_id_373" type="time-interval-selector" visible="false">
                    <Property name="advancedTimeMode" value="false"/>
                    <Property name="unit" value="DAYS"/>
                    <Property name="count" value="7"/>
                </Control>
                <Control id="attributes-selector_id_374" type="attributes-selector" visible="false">
                    <Property name="attributeInfos">
                        <List>
                            <Item>
<Value>
    <Property name="objectType" value="RESOURCE"/>
    <Property name="attributeKey" value="general|adminSpeed"/>
    <Property name="preferredUnitId" value="auto"/>
    <Property name="isStringAttribute" value="false"/>
    <Property name="adapterKind" value="CiscoUcsAdapter"/>
    <Property name="resourceKind" value="bm_ucs_ethernet_port"/>
    <Property name="rollUpCount" value="0"/>
    <Property name="transformations">
        <List>
            <Item value="CURRENT"/>
        </List>
    </Property>
    <Property name="isProperty" value="true"/>
    <Property name="displayName" value="Port Speed"/>
    <Property name="addTimestampAsColumn" value="false"/>
    <Property name="isShowRelativeTimestamp" value="false"/>
</Value>
                            </Item>
                            <Item>
<Value>
    <Property name="objectType" value="RESOURCE"/>
    <Property name="attributeKey" value="status|admin_state"/>
    <Property name="isStringAttribute" value="true"/>
    <Property name="adapterKind" value="CiscoUcsAdapter"/>
    <Property name="resourceKind" value="bm_ucs_ethernet_port"/>
    <Property name="rollUpCount" value="0"/>
    <Property name="transformations">
        <List>
            <Item value="CURRENT"/>
        </List>
    </Property>
    <Property name="isProperty" value="false"/>
    <Property name="redBound" value="disabled"/>
    <Property name="ascendingRange" value="true"/>
    <Property name="displayName" value="Admin State"/>
    <Property name="addTimestampAsColumn" value="false"/>
    <Property name="isShowRelativeTimestamp" value="false"/>
</Value>
                            </Item>
                            <Item>
<Value>
    <Property name="objectType" value="RESOURCE"/>
    <Property name="attributeKey" value="status|operational_state"/>
    <Property name="isStringAttribute" value="true"/>
    <Property name="adapterKind" value="CiscoUcsAdapter"/>
    <Property name="resourceKind" value="bm_ucs_ethernet_port"/>
    <Property name="rollUpCount" value="0"/>
    <Property name="transformations">
        <List>
            <Item value="CURRENT"/>
        </List>
    </Property>
    <Property name="isProperty" value="false"/>
    <Property name="yellowBound" value="admin-down"/>
    <Property name="orangeBound" value="link-down"/>
    <Property name="redBound" value="down"/>
    <Property name="ascendingRange" value="true"/>
    <Property name="displayName" value="Operational State"/>
    <Property name="addTimestampAsColumn" value="false"/>
    <Property name="isShowRelativeTimestamp" value="false"/>
</Value>
                            </Item>
                            <Item>
<Value>
    <Property name="objectType" value="RESOURCE"/>
    <Property name="attributeKey" value="received_traffic|receivedBits"/>
    <Property name="preferredUnitId" value="auto"/>
    <Property name="isStringAttribute" value="false"/>
    <Property name="adapterKind" value="CiscoUcsAdapter"/>
    <Property name="resourceKind" value="bm_ucs_ethernet_port"/>
    <Property name="rollUpType" value="NONE"/>
    <Property name="rollUpCount" value="0"/>
    <Property name="transformations">
        <List>
            <Item value="CURRENT"/>
        </List>
    </Property>
    <Property name="isProperty" value="false"/>
    <Property name="displayName" value="Received Traffic"/>
    <Property name="addTimestampAsColumn" value="false"/>
    <Property name="isShowRelativeTimestamp" value="false"/>
</Value>
                            </Item>
                            <Item>
<Value>
    <Property name="objectType" value="RESOURCE"/>
    <Property name="attributeKey" value="received_traffic|receivedPackets"/>
    <Property name="preferredUnitId" value="packetsps"/>
    <Property name="isStringAttribute" value="false"/>
    <Property name="adapterKind" value="CiscoUcsAdapter"/>
    <Property name="resourceKind" value="bm_ucs_ethernet_port"/>
    <Property name="rollUpType" value="NONE"/>
    <Property name="rollUpCount" value="0"/>
    <Property name="transformations">
        <List>
            <Item value="CURRENT"/>
        </List>
    </Property>
    <Property name="isProperty" value="false"/>
    <Property name="displayName" value="Received Packets"/>
    <Property name="addTimestampAsColumn" value="false"/>
    <Property name="isShowRelativeTimestamp" value="false"/>
</Value>
                            </Item>
                            <Item>
<Value>
    <Property name="objectType" value="RESOURCE"/>
    <Property name="attributeKey" value="sent_traffic|sentBits"/>
    <Property name="preferredUnitId" value="auto"/>
    <Property name="isStringAttribute" value="false"/>
    <Property name="adapterKind" value="CiscoUcsAdapter"/>
    <Property name="resourceKind" value="bm_ucs_ethernet_port"/>
    <Property name="rollUpType" value="NONE"/>
    <Property name="rollUpCount" value="0"/>
    <Property name="transformations">
        <List>
            <Item value="CURRENT"/>
        </List>
    </Property>
    <Property name="isProperty" value="false"/>
    <Property name="displayName" value="Sent Traffic"/>
    <Property name="addTimestampAsColumn" value="false"/>
    <Property name="isShowRelativeTimestamp" value="false"/>
</Value>
                            </Item>
                            <Item>
<Value>
    <Property name="objectType" value="RESOURCE"/>
    <Property name="attributeKey" value="sent_traffic|sentPackets"/>
    <Property name="preferredUnitId" value="packetsps"/>
    <Property name="isStringAttribute" value="false"/>
    <Property name="adapterKind" value="CiscoUcsAdapter"/>
    <Property name="resourceKind" value="bm_ucs_ethernet_port"/>
    <Property name="rollUpType" value="NONE"/>
    <Property name="rollUpCount" value="0"/>
    <Property name="transformations">
        <List>
            <Item value="CURRENT"/>
        </List>
    </Property>
    <Property name="isProperty" value="false"/>
    <Property name="displayName" value="Sent Packets"/>
    <Property name="addTimestampAsColumn" value="false"/>
    <Property name="isShowRelativeTimestamp" value="false"/>
</Value>
                            </Item>
                        </List>
                    </Property>
                </Control>
                <Control id="pagination-control_id_375" type="pagination-control" visible="true">
                    <Property name="start" value="0"/>
                    <Property name="size" value="100"/>
                </Control>
                <Control id="metadata_id_376" type="metadata" visible="false">
                    <Property name="maxPointsCount" value="5000"/>
                    <Property name="hideObjectNameColumn" value="false"/>
                    <Property name="listTopResultSize" value="-1"/>
                </Control>
            </Controls>
            <DataProviders>
                <DataProvider dataType="list-view" id="list-view_id_372"/>
            </DataProviders>
            <Presentation type="list"/>
        </ViewDef>
        <ViewDef id="94292735-47c5-4ca3-8115-e4ec90bca1de">
            <Title>Cisco UCS FI Details</Title>
            <Description>Cisco UCS FI Details</Description>
            <SubjectType adapterKind="CiscoUcsAdapter" resourceKind="bm_ucs_fabric_interconnect" type="descendant"/>
            <SubjectType adapterKind="CiscoUcsAdapter" resourceKind="bm_ucs_fabric_interconnect" type="self"/>
            <Usage>dashboard</Usage>
            <Usage>report</Usage>
            <Usage>details</Usage>
            <Usage>content</Usage>
            <Controls>
                <Control id="time-interval-selector_id_386" type="time-interval-selector" visible="false">
                    <Property name="advancedTimeMode" value="false"/>
                    <Property name="unit" value="DAYS"/>
                    <Property name="count" value="7"/>
                </Control>
                <Control id="attributes-selector_id_387" type="attributes-selector" visible="false">
                    <Property name="attributeInfos">
                        <List>
                            <Item>
<Value>
    <Property name="objectType" value="RESOURCE"/>
    <Property name="attributeKey" value="badge|health"/>
    <Property name="preferredUnitId" value="percent"/>
    <Property name="isStringAttribute" value="false"/>
    <Property name="adapterKind" value="CiscoUcsAdapter"/>
    <Property name="resourceKind" value="bm_ucs_fabric_interconnect"/>
    <Property name="rollUpType" value="NONE"/>
    <Property name="rollUpCount" value="0"/>
    <Property name="transformations">
        <List>
            <Item value="CURRENT"/>
        </List>
    </Property>
    <Property name="isProperty" value="false"/>
    <Property name="yellowBound" value="75"/>
    <Property name="orangeBound" value="50"/>
    <Property name="redBound" value="25"/>
    <Property name="ascendingRange" value="true"/>
    <Property name="displayName" value="Health"/>
    <Property name="addTimestampAsColumn" value="false"/>
    <Property name="isShowRelativeTimestamp" value="false"/>
</Value>
                            </Item>
                            <Item>
<Value>
    <Property name="objectType" value="RESOURCE"/>
    <Property name="attributeKey" value="general|poweredOn"/>
    <Property name="isStringAttribute" value="true"/>
    <Property name="adapterKind" value="CiscoUcsAdapter"/>
    <Property name="resourceKind" value="bm_ucs_fabric_interconnect"/>
    <Property name="rollUpCount" value="0"/>
    <Property name="transformations">
        <List>
            <Item value="CURRENT"/>
        </List>
    </Property>
    <Property name="isProperty" value="true"/>
    <Property name="redBound" value="Off"/>
    <Property name="ascendingRange" value="true"/>
    <Property name="displayName" value="Power Status"/>
    <Property name="addTimestampAsColumn" value="false"/>
    <Property name="isShowRelativeTimestamp" value="false"/>
</Value>
                            </Item>
                            <Item>
<Value>
    <Property name="objectType" value="RESOURCE"/>
    <Property name="attributeKey" value="general|oobIfIp"/>
    <Property name="isStringAttribute" value="true"/>
    <Property name="adapterKind" value="CiscoUcsAdapter"/>
    <Property name="resourceKind" value="bm_ucs_fabric_interconnect"/>
    <Property name="rollUpCount" value="0"/>
    <Property name="transformations">
        <List>
            <Item value="CURRENT"/>
        </List>
    </Property>
    <Property name="isProperty" value="true"/>
    <Property name="displayName" value="Mgmt IP"/>
    <Property name="addTimestampAsColumn" value="false"/>
    <Property name="isShowRelativeTimestamp" value="false"/>
</Value>
                            </Item>
                            <Item>
<Value>
    <Property name="objectType" value="RESOURCE"/>
    <Property name="attributeKey" value="general|kernelFirmwareRunning"/>
    <Property name="isStringAttribute" value="true"/>
    <Property name="adapterKind" value="CiscoUcsAdapter"/>
    <Property name="resourceKind" value="bm_ucs_fabric_interconnect"/>
    <Property name="rollUpCount" value="0"/>
    <Property name="transformations">
        <List>
            <Item value="CURRENT"/>
        </List>
    </Property>
    <Property name="isProperty" value="true"/>
    <Property name="displayName" value="Firmware"/>
    <Property name="addTimestampAsColumn" value="false"/>
    <Property name="isShowRelativeTimestamp" value="false"/>
</Value>
                            </Item>
                            <Item>
<Value>
    <Property name="objectType" value="RESOURCE"/>
    <Property name="attributeKey" value="general|softwareFirmwareRunning"/>
    <Property name="isStringAttribute" value="true"/>
    <Property name="adapterKind" value="CiscoUcsAdapter"/>
    <Property name="resourceKind" value="bm_ucs_fabric_interconnect"/>
    <Property name="rollUpCount" value="0"/>
    <Property name="transformations">
        <List>
            <Item value="CURRENT"/>
        </List>
    </Property>
    <Property name="isProperty" value="true"/>
    <Property name="displayName" value="SW Firmware"/>
    <Property name="addTimestampAsColumn" value="false"/>
    <Property name="isShowRelativeTimestamp" value="false"/>
</Value>
                            </Item>
                        </List>
                    </Property>
                </Control>
                <Control id="pagination-control_id_388" type="pagination-control" visible="true">
                    <Property name="start" value="0"/>
                    <Property name="size" value="100"/>
                </Control>
                <Control id="metadata_id_389" type="metadata" visible="false">
                    <Property name="maxPointsCount" value="5000"/>
                    <Property name="hideObjectNameColumn" value="false"/>
                    <Property name="listTopResultSize" value="-1"/>
                </Control>
            </Controls>
            <DataProviders>
                <DataProvider dataType="list-view" id="list-view_id_385"/>
            </DataProviders>
            <Presentation type="list"/>
        </ViewDef>
    </Views>
</Content>
