{
   "dashboards": [{
      "autoswitchEnabled": false,
      "columnCount": 1,
      "columnProportion": "1-1",
      "creationTime": 1617479358068,
      "dashboardNavigations": {},
      "description": "",
      "disabled": false,
      "gridsterMaxColumns": 12,
      "hidden": false,
      "homeTab": false,
      "id": "5da283e3-5512-4ba5-a623-e26b6297058b",
      "importAttempts": 0,
      "importComplete": true,
      "lastUpdateTime": 1617560482842,
      "lastUpdateUserId": "287ed085-c6ca-4255-b69c-956f1665ed51",
      "locked": false,
      "name": "Custom Dashboards/Cisco UCS Fabric Interconnect Details",
      "namePath": "Custom Dashboards",
      "rank": 0,
      "shared": false,
      "states": [{
         "key": "permDashboardTime_dashboard_5da283e3-5512-4ba5-a623-e26b6297058b",
         "value": "o%3AdateRange%3Ds%253Alast24Hour%5EdateRangeText%3Ds%253A24H"
      }],
      "temporary": false,
      "userId": "287ed085-c6ca-4255-b69c-956f1665ed51",
      "widgetInteractions": [
         {
            "type": "resourceId",
            "widgetIdProvider": "2c57f23c-2ec7-44e2-ab63-dbf38d565395",
            "widgetIdReceiver": "664d18d0-3f21-4b1d-9563-859eba9daa8d"
         },
         {
            "type": "resourceId",
            "widgetIdProvider": "2c57f23c-2ec7-44e2-ab63-dbf38d565395",
            "widgetIdReceiver": "4de1122c-4182-40a2-858c-38209cc63a6e"
         },
         {
            "type": "resourceId",
            "widgetIdProvider": "2c57f23c-2ec7-44e2-ab63-dbf38d565395",
            "widgetIdReceiver": "1d8e711d-d6c9-4391-b710-165912bdca43"
         },
         {
            "type": "resourceId",
            "widgetIdProvider": "664d18d0-3f21-4b1d-9563-859eba9daa8d",
            "widgetIdReceiver": "92ada9d4-ffa4-43b9-986c-56dd111db941"
         },
         {
            "type": "resourceId",
            "widgetIdProvider": "4de1122c-4182-40a2-858c-38209cc63a6e",
            "widgetIdReceiver": "37997085-db99-444c-8133-9c48ebbd5106"
         }
      ],
      "widgets": [
         {
            "collapsed": false,
            "config": {
               "additionalColumns": [
                  {
                     "boxLabel": "Mgmt IP",
                     "metricKey": "general|oobIfIp",
                     "metricName": "General|Management IP",
                     "resourceKindId": "resourceKind:id:0_::_"
                  },
                  {
                     "boxLabel": "Power Status",
                     "metricKey": "general|poweredOn",
                     "metricName": "General|Powered On",
                     "resourceKindId": "resourceKind:id:0_::_"
                  }
               ],
               "barsCount": 10,
               "customFilter": {
                  "excludedResources": null,
                  "filter": [],
                  "includedResources": null
               },
               "depth": 10,
               "filterMode": "tagPicker",
               "filterOldMetrics": {"filterOldMetrics": false},
               "metric": {
                  "metricKey": "aggregate_received_ethernet_port_traffic|totalEthernetReceivedPackets",
                  "name": "Aggregate Received Ethernet Port Traffic|Total Ethernet Received Packets (packets/s)"
               },
               "metricName": "Ethernet Packets Received",
               "metricUnit": {
                  "metricUnitId": -1,
                  "metricUnitName": "Auto"
               },
               "mode": "all",
               "percentileValue": null,
               "refreshContent": {"refreshContent": true},
               "refreshInterval": 300,
               "regenerationTime": 15,
               "relationshipMode": {"relationshipMode": [
                  -1,
                  0
               ]},
               "resource": [],
               "resourceKind": [{"id": "resourceKind:id:0_::_"}],
               "roundDecimals": 1,
               "selfProvider": {"selfProvider": true},
               "tagFilter": null,
               "title": "Top 10 Fabric Interconnects - Ethernet Packets Received",
               "topOption": "metricsHighestUtilization"
            },
            "gridsterCoords": {
               "h": 4,
               "w": 3,
               "x": 1,
               "y": 1
            },
            "height": 210,
            "id": "b55c6565-290a-40e0-aa84-0dacd0ee584b",
            "title": "Top 10 Fabric Interconnects - Ethernet Packets Received",
            "type": "ParetoAnalysis"
         },
         {
            "collapsed": false,
            "config": {
               "additionalColumns": [
                  {
                     "boxLabel": "Mgmt IP",
                     "metricKey": "general|oobIfIp",
                     "metricName": "General|Management IP",
                     "resourceKindId": "resourceKind:id:0_::_"
                  },
                  {
                     "boxLabel": "Power Status",
                     "metricKey": "general|poweredOn",
                     "metricName": "General|Powered On",
                     "resourceKindId": "resourceKind:id:0_::_"
                  }
               ],
               "barsCount": 10,
               "customFilter": {
                  "excludedResources": null,
                  "filter": [],
                  "includedResources": null
               },
               "depth": 10,
               "filterMode": "tagPicker",
               "filterOldMetrics": {"filterOldMetrics": false},
               "metric": {
                  "metricKey": "aggregate_received_fiber_channel_traffic|totalFiberReceivedPackets",
                  "name": "Aggregate Received Fiber Channel Traffic|Total Fiber Channel Received Packets (packets/s)"
               },
               "metricName": "Fiber Channel Packets Received",
               "metricUnit": {
                  "metricUnitId": -1,
                  "metricUnitName": "Auto"
               },
               "mode": "all",
               "percentileValue": null,
               "refreshContent": {"refreshContent": true},
               "refreshInterval": 300,
               "regenerationTime": 15,
               "relationshipMode": {"relationshipMode": [
                  -1,
                  0
               ]},
               "resource": [],
               "resourceKind": [{"id": "resourceKind:id:0_::_"}],
               "roundDecimals": 1,
               "selfProvider": {"selfProvider": true},
               "tagFilter": null,
               "title": "Top 10 Fabric Interconnects - Fiber Channel Packets Received",
               "topOption": "metricsHighestUtilization"
            },
            "gridsterCoords": {
               "h": 4,
               "w": 3,
               "x": 1,
               "y": 5
            },
            "height": 210,
            "id": "6029dccc-767e-4e05-bf46-673ba308a2db",
            "title": "Top 10 Fabric Interconnects - Fiber Channel Packets Received",
            "type": "ParetoAnalysis"
         },
         {
            "collapsed": false,
            "config": {
               "additionalColumns": [
                  {
                     "boxLabel": "Mgmt IP",
                     "metricKey": "general|oobIfIp",
                     "metricName": "General|Management IP",
                     "resourceKindId": "resourceKind:id:0_::_"
                  },
                  {
                     "boxLabel": "Power Status",
                     "metricKey": "general|poweredOn",
                     "metricName": "General|Powered On",
                     "resourceKindId": "resourceKind:id:0_::_"
                  }
               ],
               "barsCount": 10,
               "customFilter": {
                  "excludedResources": null,
                  "filter": [],
                  "includedResources": null
               },
               "depth": 10,
               "filterMode": "tagPicker",
               "filterOldMetrics": {"filterOldMetrics": false},
               "metric": {
                  "metricKey": "aggregate_received_fiber_channel_traffic|totalFiberReceivedBits",
                  "name": "Aggregate Received Fiber Channel Traffic|Total Fiber Channel Received Throughput (bit/s)"
               },
               "metricName": "Fiber Channel Received Throughput",
               "metricUnit": {
                  "metricUnitId": -1,
                  "metricUnitName": "Auto"
               },
               "mode": "all",
               "percentileValue": null,
               "refreshContent": {"refreshContent": true},
               "refreshInterval": 300,
               "regenerationTime": 15,
               "relationshipMode": {"relationshipMode": [
                  -1,
                  0
               ]},
               "resource": [],
               "resourceKind": [{"id": "resourceKind:id:0_::_"}],
               "roundDecimals": 1,
               "selfProvider": {"selfProvider": true},
               "tagFilter": null,
               "title": "Top 10 Fabric Interconnects - Fiber Channel Received Throughput",
               "topOption": "metricsHighestUtilization"
            },
            "gridsterCoords": {
               "h": 4,
               "w": 3,
               "x": 4,
               "y": 5
            },
            "height": 210,
            "id": "040e412e-0277-44ae-9cfe-fde648638a90",
            "title": "Top 10 Fabric Interconnects - Fiber Channel Received Throughput",
            "type": "ParetoAnalysis"
         },
         {
            "collapsed": false,
            "config": {
               "additionalColumns": [
                  {
                     "boxLabel": "Mgmt IP",
                     "metricKey": "general|oobIfIp",
                     "metricName": "General|Management IP",
                     "resourceKindId": "resourceKind:id:0_::_"
                  },
                  {
                     "boxLabel": "Power Status",
                     "metricKey": "general|poweredOn",
                     "metricName": "General|Powered On",
                     "resourceKindId": "resourceKind:id:0_::_"
                  }
               ],
               "barsCount": 10,
               "customFilter": {
                  "excludedResources": null,
                  "filter": [],
                  "includedResources": null
               },
               "depth": 10,
               "filterMode": "tagPicker",
               "filterOldMetrics": {"filterOldMetrics": false},
               "metric": {
                  "metricKey": "aggregate_sent_fiber_channel_traffic|totalFiberSentBits",
                  "name": "Aggregate Sent Fiber Channel Traffic|Total Fiber Channel Sent Throughput (bit/s)"
               },
               "metricName": "Fiber Channel Sent Throughput",
               "metricUnit": {
                  "metricUnitId": -1,
                  "metricUnitName": "Auto"
               },
               "mode": "all",
               "percentileValue": null,
               "refreshContent": {"refreshContent": true},
               "refreshInterval": 300,
               "regenerationTime": 15,
               "relationshipMode": {"relationshipMode": [
                  -1,
                  0
               ]},
               "resource": [],
               "resourceKind": [{"id": "resourceKind:id:0_::_"}],
               "roundDecimals": 1,
               "selfProvider": {"selfProvider": true},
               "tagFilter": null,
               "title": "Top 10 Fabric Interconnects - Fiber Channel Sent Throughput",
               "topOption": "metricsHighestUtilization"
            },
            "gridsterCoords": {
               "h": 4,
               "w": 3,
               "x": 10,
               "y": 5
            },
            "height": 210,
            "id": "824ff47a-5203-4fc6-9564-3d36e0829cb2",
            "title": "Top 10 Fabric Interconnects - Fiber Channel Sent Throughput",
            "type": "ParetoAnalysis"
         },
         {
            "collapsed": false,
            "config": {
               "additionalColumns": [
                  {
                     "boxLabel": "Mgmt IP",
                     "metricKey": "general|oobIfIp",
                     "metricName": "General|Management IP",
                     "resourceKindId": "resourceKind:id:0_::_"
                  },
                  {
                     "boxLabel": "Power Status",
                     "metricKey": "general|poweredOn",
                     "metricName": "General|Powered On",
                     "resourceKindId": "resourceKind:id:0_::_"
                  }
               ],
               "barsCount": 10,
               "customFilter": {
                  "excludedResources": null,
                  "filter": [],
                  "includedResources": null
               },
               "depth": 10,
               "filterMode": "tagPicker",
               "filterOldMetrics": {"filterOldMetrics": false},
               "metric": {
                  "metricKey": "aggregate_sent_ethernet_port_traffic|totalEthernetSentPackets",
                  "name": "Aggregate Sent Ethernet Port Traffic|Total Ethernet Sent Packets (packets/s)"
               },
               "metricName": "Ethernet Packets Sent",
               "metricUnit": {
                  "metricUnitId": -1,
                  "metricUnitName": "Auto"
               },
               "mode": "all",
               "percentileValue": null,
               "refreshContent": {"refreshContent": true},
               "refreshInterval": 300,
               "regenerationTime": 15,
               "relationshipMode": {"relationshipMode": [
                  -1,
                  0
               ]},
               "resource": [],
               "resourceKind": [{"id": "resourceKind:id:0_::_"}],
               "roundDecimals": 1,
               "selfProvider": {"selfProvider": true},
               "tagFilter": null,
               "title": "Top 10 Fabric Interconnects - Ethernet Packets Sent",
               "topOption": "metricsHighestUtilization"
            },
            "gridsterCoords": {
               "h": 4,
               "w": 3,
               "x": 7,
               "y": 1
            },
            "height": 210,
            "id": "8164bb96-2a96-48b6-a208-965627e601f0",
            "title": "Top 10 Fabric Interconnects - Ethernet Packets Sent",
            "type": "ParetoAnalysis"
         },
         {
            "collapsed": false,
            "config": {
               "additionalColumns": [
                  {
                     "boxLabel": "Mgmt IP",
                     "metricKey": "general|oobIfIp",
                     "metricName": "General|Management IP",
                     "resourceKindId": "resourceKind:id:0_::_"
                  },
                  {
                     "boxLabel": "Power Status",
                     "metricKey": "general|poweredOn",
                     "metricName": "General|Powered On",
                     "resourceKindId": "resourceKind:id:0_::_"
                  }
               ],
               "barsCount": 10,
               "customFilter": {
                  "excludedResources": null,
                  "filter": [],
                  "includedResources": null
               },
               "depth": 10,
               "filterMode": "tagPicker",
               "filterOldMetrics": {"filterOldMetrics": false},
               "metric": {
                  "metricKey": "aggregate_sent_fiber_channel_traffic|totalFiberSentPackets",
                  "name": "Aggregate Sent Fiber Channel Traffic|Total Fiber Channel Sent Packets (packets/s)"
               },
               "metricName": "Fiber Channel Sent Packets",
               "metricUnit": {
                  "metricUnitId": -1,
                  "metricUnitName": "Auto"
               },
               "mode": "all",
               "percentileValue": null,
               "refreshContent": {"refreshContent": true},
               "refreshInterval": 300,
               "regenerationTime": 15,
               "relationshipMode": {"relationshipMode": [
                  -1,
                  0
               ]},
               "resource": [],
               "resourceKind": [{"id": "resourceKind:id:0_::_"}],
               "roundDecimals": 1,
               "selfProvider": {"selfProvider": true},
               "tagFilter": null,
               "title": "Top 10 Fabric Interconnects - Fiber Channel Sent Packets",
               "topOption": "metricsHighestUtilization"
            },
            "gridsterCoords": {
               "h": 4,
               "w": 3,
               "x": 7,
               "y": 5
            },
            "height": 210,
            "id": "d2752a14-a8bd-46d4-a134-386ac7bbc4a2",
            "title": "Top 10 Fabric Interconnects - Fiber Channel Sent Packets",
            "type": "ParetoAnalysis"
         },
         {
            "collapsed": false,
            "config": {
               "additionalColumns": [
                  {
                     "boxLabel": "Mgmt IP",
                     "metricKey": "general|oobIfIp",
                     "metricName": "General|Management IP",
                     "resourceKindId": "resourceKind:id:0_::_"
                  },
                  {
                     "boxLabel": "Power Status",
                     "metricKey": "general|poweredOn",
                     "metricName": "General|Powered On",
                     "resourceKindId": "resourceKind:id:0_::_"
                  }
               ],
               "barsCount": 10,
               "customFilter": {
                  "excludedResources": null,
                  "filter": [],
                  "includedResources": null
               },
               "depth": 10,
               "filterMode": "tagPicker",
               "filterOldMetrics": {"filterOldMetrics": false},
               "metric": {
                  "metricKey": "aggregate_received_ethernet_port_traffic|totalEthernetReceivedThroughput",
                  "name": "Aggregate Received Ethernet Port Traffic|Total Ethernet Received Throughput (bit/s)"
               },
               "metricName": "Ethernet Received Throughput",
               "metricUnit": {
                  "metricUnitId": -1,
                  "metricUnitName": "Auto"
               },
               "mode": "all",
               "percentileValue": null,
               "refreshContent": {"refreshContent": true},
               "refreshInterval": 300,
               "regenerationTime": 15,
               "relationshipMode": {"relationshipMode": [
                  -1,
                  0
               ]},
               "resource": [],
               "resourceKind": [{"id": "resourceKind:id:0_::_"}],
               "roundDecimals": 1,
               "selfProvider": {"selfProvider": true},
               "tagFilter": null,
               "title": "Top 10 Fabric Interconnects - Ethernet Received Throughput",
               "topOption": "metricsHighestUtilization"
            },
            "gridsterCoords": {
               "h": 4,
               "w": 3,
               "x": 4,
               "y": 1
            },
            "height": 210,
            "id": "d804bb98-8938-48bf-9b3d-e9c85a7f8084",
            "title": "Top 10 Fabric Interconnects - Ethernet Received Throughput",
            "type": "ParetoAnalysis"
         },
         {
            "collapsed": false,
            "config": {
               "additionalColumns": [
                  {
                     "boxLabel": "Mgmt IP",
                     "metricKey": "general|oobIfIp",
                     "metricName": "General|Management IP",
                     "resourceKindId": "resourceKind:id:0_::_"
                  },
                  {
                     "boxLabel": "Power Status",
                     "metricKey": "general|poweredOn",
                     "metricName": "General|Powered On",
                     "resourceKindId": "resourceKind:id:0_::_"
                  }
               ],
               "barsCount": 10,
               "customFilter": {
                  "excludedResources": null,
                  "filter": [],
                  "includedResources": null
               },
               "depth": 10,
               "filterMode": "tagPicker",
               "filterOldMetrics": {"filterOldMetrics": false},
               "metric": {
                  "metricKey": "aggregate_sent_ethernet_port_traffic|totalEthernetSentThroughput",
                  "name": "Aggregate Sent Ethernet Port Traffic|Total Ethernet Sent Throughput (bit/s)"
               },
               "metricName": "Ethernet Sent Throughput",
               "metricUnit": {
                  "metricUnitId": -1,
                  "metricUnitName": "Auto"
               },
               "mode": "all",
               "percentileValue": null,
               "refreshContent": {"refreshContent": true},
               "refreshInterval": 300,
               "regenerationTime": 15,
               "relationshipMode": {"relationshipMode": [
                  -1,
                  0
               ]},
               "resource": [],
               "resourceKind": [{"id": "resourceKind:id:0_::_"}],
               "roundDecimals": 1,
               "selfProvider": {"selfProvider": true},
               "tagFilter": null,
               "title": "Top 10 Fabric Interconnects - Ethernet Sent Throughput",
               "topOption": "metricsHighestUtilization"
            },
            "gridsterCoords": {
               "h": 4,
               "w": 3,
               "x": 10,
               "y": 1
            },
            "height": 210,
            "id": "e5a6d05e-01f2-4425-a3ae-e5825b155d70",
            "title": "Top 10 Fabric Interconnects - Ethernet Sent Throughput",
            "type": "ParetoAnalysis"
         },
         {
            "collapsed": false,
            "config": {
               "chartViewItems": [],
               "isUpdatedView": true,
               "refreshContent": {"refreshContent": true},
               "refreshInterval": 300,
               "resource": {
                  "id": "Ext.vcops.chrome.model.Resource-14",
                  "resourceId": "resource:id:0_::_",
                  "resourceKindId": "002015CiscoUcsAdapterbm_ucs_tag",
                  "resourceName": "Cisco UCS Managers",
                  "traversalSpecId": "Cisco UCS Environment-CiscoUcsAdapter-bm_ucs_tag"
               },
               "selectFirstRow": {"selectFirstRow": true},
               "selfProvider": {"selfProvider": true},
               "title": "Fabric Interconnects",
               "traversalSpecId": null,
               "viewDefinitionId": "94292735-47c5-4ca3-8115-e4ec90bca1de"
            },
            "gridsterCoords": {
               "h": 6,
               "w": 4,
               "x": 1,
               "y": 9
            },
            "height": 324,
            "id": "2c57f23c-2ec7-44e2-ab63-dbf38d565395",
            "title": "Fabric Interconnects",
            "type": "View"
         },
         {
            "collapsed": false,
            "config": {
               "chartViewItems": [],
               "isUpdatedView": true,
               "refreshContent": {"refreshContent": true},
               "refreshInterval": 300,
               "resource": null,
               "selectFirstRow": {"selectFirstRow": true},
               "selfProvider": {"selfProvider": false},
               "title": "Ethernet Ports (for selected FI)",
               "traversalSpecId": "",
               "viewDefinitionId": "a45aae30-d470-4e01-a467-7ac588f64b2e"
            },
            "gridsterCoords": {
               "h": 6,
               "w": 4,
               "x": 5,
               "y": 9
            },
            "height": 324,
            "id": "664d18d0-3f21-4b1d-9563-859eba9daa8d",
            "title": "Ethernet Ports (for selected FI)",
            "type": "View"
         },
         {
            "collapsed": false,
            "config": {
               "chartViewItems": [],
               "isUpdatedView": true,
               "refreshContent": {"refreshContent": true},
               "refreshInterval": 300,
               "resource": null,
               "selectFirstRow": {"selectFirstRow": true},
               "selfProvider": {"selfProvider": false},
               "title": "Fiber Channel Ports (for selected FI)",
               "traversalSpecId": "",
               "viewDefinitionId": "7c11bff5-581d-47d6-a857-042731f0a6a8"
            },
            "gridsterCoords": {
               "h": 6,
               "w": 4,
               "x": 9,
               "y": 9
            },
            "height": 324,
            "id": "4de1122c-4182-40a2-858c-38209cc63a6e",
            "title": "Fiber Channel Ports (for selected FI)",
            "type": "View"
         },
         {
            "collapsed": false,
            "config": {
               "boxColumns": 2,
               "boxHeight": null,
               "customFilter": {
                  "excludedResources": null,
                  "filter": [],
                  "includedResources": null
               },
               "depth": 1,
               "labelSize": 16,
               "maxCellCount": 100,
               "metric": {
                  "mode": "resourceKind",
                  "resourceKindMetrics": [
                     {
                        "colorMethod": 2,
                        "handleOldColoring": false,
                        "id": "extModel14553-1",
                        "isStringMetric": false,
                        "label": "Ethernet Received Packets",
                        "link": "",
                        "metricKey": "aggregate_received_ethernet_port_traffic|totalEthernetReceivedPackets",
                        "metricName": "Aggregate Received Ethernet Port Traffic|Total Ethernet Received Packets",
                        "metricUnitId": -1,
                        "orangeBound": null,
                        "redBound": null,
                        "resourceKindId": "resourceKind:id:0_::_",
                        "resourceKindName": "Cisco UCS Fabric Interconnect",
                        "unit": "Auto",
                        "yellowBound": null
                     },
                     {
                        "colorMethod": 2,
                        "handleOldColoring": false,
                        "id": "extModel14553-2",
                        "isStringMetric": false,
                        "label": "Ethernet Received Throughput",
                        "link": "",
                        "metricKey": "aggregate_received_ethernet_port_traffic|totalEthernetReceivedThroughput",
                        "metricName": "Aggregate Received Ethernet Port Traffic|Total Ethernet Received Throughput",
                        "metricUnitId": "mbitps",
                        "orangeBound": null,
                        "redBound": null,
                        "resourceKindId": "resourceKind:id:0_::_",
                        "resourceKindName": "Cisco UCS Fabric Interconnect",
                        "unit": "Mbit/s",
                        "yellowBound": null
                     },
                     {
                        "colorMethod": 2,
                        "handleOldColoring": false,
                        "id": "extModel14553-3",
                        "isStringMetric": false,
                        "label": "Ethernet Sent Packets",
                        "link": "",
                        "metricKey": "aggregate_sent_ethernet_port_traffic|totalEthernetSentPackets",
                        "metricName": "Aggregate Sent Ethernet Port Traffic|Total Ethernet Sent Packets",
                        "metricUnitId": -1,
                        "orangeBound": null,
                        "redBound": null,
                        "resourceKindId": "resourceKind:id:0_::_",
                        "resourceKindName": "Cisco UCS Fabric Interconnect",
                        "unit": "Auto",
                        "yellowBound": null
                     },
                     {
                        "colorMethod": 2,
                        "handleOldColoring": false,
                        "id": "extModel14553-4",
                        "isStringMetric": false,
                        "label": "Ethernet Sent Throughput",
                        "link": "",
                        "metricKey": "aggregate_sent_ethernet_port_traffic|totalEthernetSentThroughput",
                        "metricName": "Aggregate Sent Ethernet Port Traffic|Total Ethernet Sent Throughput",
                        "metricUnitId": "mbitps",
                        "orangeBound": null,
                        "redBound": null,
                        "resourceKindId": "resourceKind:id:0_::_",
                        "resourceKindName": "Cisco UCS Fabric Interconnect",
                        "unit": "Mbit/s",
                        "yellowBound": null
                     },
                     {
                        "colorMethod": 2,
                        "handleOldColoring": false,
                        "id": "extModel14553-5",
                        "isStringMetric": false,
                        "label": "Fiber Channel Received Packets",
                        "link": "",
                        "metricKey": "aggregate_received_fiber_channel_traffic|totalFiberReceivedPackets",
                        "metricName": "Aggregate Received Fiber Channel Traffic|Total Fiber Channel Received Packets",
                        "metricUnitId": -1,
                        "orangeBound": null,
                        "redBound": null,
                        "resourceKindId": "resourceKind:id:0_::_",
                        "resourceKindName": "Cisco UCS Fabric Interconnect",
                        "unit": "Auto",
                        "yellowBound": null
                     },
                     {
                        "colorMethod": 2,
                        "handleOldColoring": false,
                        "id": "extModel14553-6",
                        "isStringMetric": false,
                        "label": "Fiber Channel Received Throughput",
                        "link": "",
                        "metricKey": "aggregate_received_fiber_channel_traffic|totalFiberReceivedBits",
                        "metricName": "Aggregate Received Fiber Channel Traffic|Total Fiber Channel Received Throughput",
                        "metricUnitId": "mbitps",
                        "orangeBound": null,
                        "redBound": null,
                        "resourceKindId": "resourceKind:id:0_::_",
                        "resourceKindName": "Cisco UCS Fabric Interconnect",
                        "unit": "Mbit/s",
                        "yellowBound": null
                     },
                     {
                        "colorMethod": 2,
                        "handleOldColoring": false,
                        "id": "extModel14553-7",
                        "isStringMetric": false,
                        "label": "Fiber Channel Sent Packets",
                        "link": "",
                        "metricKey": "aggregate_sent_fiber_channel_traffic|totalFiberSentPackets",
                        "metricName": "Aggregate Sent Fiber Channel Traffic|Total Fiber Channel Sent Packets",
                        "metricUnitId": -1,
                        "orangeBound": null,
                        "redBound": null,
                        "resourceKindId": "resourceKind:id:0_::_",
                        "resourceKindName": "Cisco UCS Fabric Interconnect",
                        "unit": "Auto",
                        "yellowBound": null
                     },
                     {
                        "colorMethod": 2,
                        "handleOldColoring": false,
                        "id": "extModel14553-8",
                        "isStringMetric": false,
                        "label": "Fiber Channel Sent Throughput",
                        "link": "",
                        "metricKey": "aggregate_sent_fiber_channel_traffic|totalFiberSentBits",
                        "metricName": "Aggregate Sent Fiber Channel Traffic|Total Fiber Channel Sent Throughput",
                        "metricUnitId": "mbitps",
                        "orangeBound": null,
                        "redBound": null,
                        "resourceKindId": "resourceKind:id:0_::_",
                        "resourceKindName": "Cisco UCS Fabric Interconnect",
                        "unit": "Mbit/s",
                        "yellowBound": null
                     }
                  ],
                  "resourceMetrics": [],
                  "subMode": "resourceKindAll"
               },
               "mode": {"layoutMode": "fixedView"},
               "oldMetricValues": false,
               "periodLength": "dashboardTime",
               "refreshContent": {"refreshContent": true},
               "refreshInterval": 300,
               "relationshipMode": {"relationshipMode": 0},
               "resInteractionMode": null,
               "resource": [],
               "roundDecimals": 1,
               "selfProvider": {"selfProvider": false},
               "showDT": {"showDT": false},
               "showMetricName": {"showMetricName": true},
               "showMetricUnit": {"showMetricUnit": true},
               "showResourceName": {"showResourceName": false},
               "showSparkline": {"showSparkline": true},
               "title": "Traffic Scoreboard (for selected FI)",
               "valueSize": 24,
               "visualTheme": 3
            },
            "gridsterCoords": {
               "h": 7,
               "w": 4,
               "x": 1,
               "y": 15
            },
            "height": 381,
            "id": "1d8e711d-d6c9-4391-b710-165912bdca43",
            "title": "Traffic Scoreboard (for selected FI)",
            "type": "Scoreboard"
         },
         {
            "collapsed": false,
            "config": {
               "boxColumns": 2,
               "boxHeight": null,
               "customFilter": {
                  "excludedResources": null,
                  "filter": [],
                  "includedResources": null
               },
               "depth": 1,
               "labelSize": 16,
               "maxCellCount": 100,
               "metric": {
                  "mode": "resourceKind",
                  "resourceKindMetrics": [
                     {
                        "colorMethod": 2,
                        "handleOldColoring": false,
                        "id": "extModel17551-1",
                        "isStringMetric": false,
                        "label": "",
                        "link": "",
                        "metricKey": "received_traffic|receivedBits",
                        "metricName": "Received Traffic|Received Bits",
                        "metricUnitId": "mbitps",
                        "orangeBound": null,
                        "redBound": null,
                        "resourceKindId": "resourceKind:id:1_::_",
                        "resourceKindName": "Cisco UCS Ethernet Port",
                        "unit": "Mbit/s",
                        "yellowBound": null
                     },
                     {
                        "colorMethod": 2,
                        "handleOldColoring": false,
                        "id": "extModel17551-2",
                        "isStringMetric": false,
                        "label": "",
                        "link": "",
                        "metricKey": "received_traffic|receivedPackets",
                        "metricName": "Received Traffic|Received Packets",
                        "metricUnitId": -1,
                        "orangeBound": null,
                        "redBound": null,
                        "resourceKindId": "resourceKind:id:1_::_",
                        "resourceKindName": "Cisco UCS Ethernet Port",
                        "unit": "Auto",
                        "yellowBound": null
                     },
                     {
                        "colorMethod": 2,
                        "handleOldColoring": false,
                        "id": "extModel17551-3",
                        "isStringMetric": false,
                        "label": "",
                        "link": "",
                        "metricKey": "sent_traffic|sentBits",
                        "metricName": "Sent Traffic|Sent Bits",
                        "metricUnitId": "mbitps",
                        "orangeBound": null,
                        "redBound": null,
                        "resourceKindId": "resourceKind:id:1_::_",
                        "resourceKindName": "Cisco UCS Ethernet Port",
                        "unit": "Mbit/s",
                        "yellowBound": null
                     },
                     {
                        "colorMethod": 2,
                        "handleOldColoring": false,
                        "id": "extModel17551-4",
                        "isStringMetric": false,
                        "label": "",
                        "link": "",
                        "metricKey": "sent_traffic|sentPackets",
                        "metricName": "Sent Traffic|Sent Packets",
                        "metricUnitId": -1,
                        "orangeBound": null,
                        "redBound": null,
                        "resourceKindId": "resourceKind:id:1_::_",
                        "resourceKindName": "Cisco UCS Ethernet Port",
                        "unit": "Auto",
                        "yellowBound": null
                     }
                  ],
                  "resourceMetrics": [],
                  "subMode": "resourceKindAll"
               },
               "mode": {"layoutMode": "fixedView"},
               "oldMetricValues": false,
               "periodLength": "dashboardTime",
               "refreshContent": {"refreshContent": true},
               "refreshInterval": 300,
               "relationshipMode": {"relationshipMode": 0},
               "resInteractionMode": null,
               "resource": [],
               "roundDecimals": null,
               "selfProvider": {"selfProvider": false},
               "showDT": {"showDT": false},
               "showMetricName": {"showMetricName": true},
               "showMetricUnit": {"showMetricUnit": true},
               "showResourceName": {"showResourceName": false},
               "showSparkline": {"showSparkline": true},
               "title": "Traffic Scoreboard (for selected Ethernet Port)",
               "valueSize": 24,
               "visualTheme": 3
            },
            "gridsterCoords": {
               "h": 7,
               "w": 4,
               "x": 5,
               "y": 15
            },
            "height": 380,
            "id": "92ada9d4-ffa4-43b9-986c-56dd111db941",
            "title": "Traffic Scoreboard (for selected Ethernet Port)",
            "type": "Scoreboard"
         },
         {
            "collapsed": false,
            "config": {
               "boxColumns": 2,
               "boxHeight": null,
               "customFilter": {
                  "excludedResources": null,
                  "filter": [],
                  "includedResources": null
               },
               "depth": 1,
               "labelSize": 16,
               "maxCellCount": 100,
               "metric": {
                  "mode": "resourceKind",
                  "resourceKindMetrics": [
                     {
                        "colorMethod": 2,
                        "handleOldColoring": false,
                        "id": "extModel19260-1",
                        "isStringMetric": false,
                        "label": "",
                        "link": "",
                        "metricKey": "received_traffic|bitsRx",
                        "metricName": "Received Traffic|Bits Received",
                        "metricUnitId": "mbitps",
                        "orangeBound": null,
                        "redBound": null,
                        "resourceKindId": "resourceKind:id:2_::_",
                        "resourceKindName": "Cisco UCS Fiber Channel Port",
                        "unit": "Mbit/s",
                        "yellowBound": null
                     },
                     {
                        "colorMethod": 2,
                        "handleOldColoring": false,
                        "id": "extModel19260-2",
                        "isStringMetric": false,
                        "label": "",
                        "link": "",
                        "metricKey": "received_traffic|packetsRx",
                        "metricName": "Received Traffic|Packets Received",
                        "metricUnitId": -1,
                        "orangeBound": null,
                        "redBound": null,
                        "resourceKindId": "resourceKind:id:2_::_",
                        "resourceKindName": "Cisco UCS Fiber Channel Port",
                        "unit": "Auto",
                        "yellowBound": null
                     },
                     {
                        "colorMethod": 2,
                        "handleOldColoring": false,
                        "id": "extModel19260-3",
                        "isStringMetric": false,
                        "label": "",
                        "link": "",
                        "metricKey": "sent_traffic|bitsTx",
                        "metricName": "Sent Traffic|Bits Transmitted",
                        "metricUnitId": -1,
                        "orangeBound": null,
                        "redBound": null,
                        "resourceKindId": "resourceKind:id:2_::_",
                        "resourceKindName": "Cisco UCS Fiber Channel Port",
                        "unit": "Auto",
                        "yellowBound": null
                     },
                     {
                        "colorMethod": 2,
                        "handleOldColoring": false,
                        "id": "extModel19260-4",
                        "isStringMetric": false,
                        "label": "",
                        "link": "",
                        "metricKey": "sent_traffic|packetsTx",
                        "metricName": "Sent Traffic|Packets Transmitted",
                        "metricUnitId": -1,
                        "orangeBound": null,
                        "redBound": null,
                        "resourceKindId": "resourceKind:id:2_::_",
                        "resourceKindName": "Cisco UCS Fiber Channel Port",
                        "unit": "Auto",
                        "yellowBound": null
                     }
                  ],
                  "resourceMetrics": [],
                  "subMode": "resourceKindAll"
               },
               "mode": {"layoutMode": "fixedView"},
               "oldMetricValues": false,
               "periodLength": "dashboardTime",
               "refreshContent": {"refreshContent": true},
               "refreshInterval": 300,
               "relationshipMode": {"relationshipMode": 0},
               "resInteractionMode": null,
               "resource": [],
               "roundDecimals": null,
               "selfProvider": {"selfProvider": false},
               "showDT": {"showDT": false},
               "showMetricName": {"showMetricName": true},
               "showMetricUnit": {"showMetricUnit": true},
               "showResourceName": {"showResourceName": false},
               "showSparkline": {"showSparkline": true},
               "title": "Traffic Scoreboard (for selected Fiber Channel Port)",
               "valueSize": 24,
               "visualTheme": 3
            },
            "gridsterCoords": {
               "h": 7,
               "w": 4,
               "x": 9,
               "y": 15
            },
            "height": 380,
            "id": "37997085-db99-444c-8133-9c48ebbd5106",
            "title": "Traffic Scoreboard (for selected Fiber Channel Port)",
            "type": "Scoreboard"
         }
      ]
   }],
   "entries": {
      "resource": [{
         "adapterKindKey": "CiscoUcsAdapter",
         "identifiers": [],
         "internalId": "resource:id:0_::_",
         "name": "Cisco UCS Managers",
         "resourceKindKey": "bm_ucs_tag"
      }],
      "resourceKind": [
         {
            "adapterKindKey": "CiscoUcsAdapter",
            "internalId": "resourceKind:id:1_::_",
            "resourceKindKey": "bm_ucs_ethernet_port"
         },
         {
            "adapterKindKey": "CiscoUcsAdapter",
            "internalId": "resourceKind:id:2_::_",
            "resourceKindKey": "bm_ucs_fiber_channel_port"
         },
         {
            "adapterKindKey": "CiscoUcsAdapter",
            "internalId": "resourceKind:id:0_::_",
            "resourceKindKey": "bm_ucs_fabric_interconnect"
         }
      ]
   },
   "uuid": "da8aa131-c1d1-46bb-906e-6b41d1f01c97"
}